id,difficulty,comparison,status,correct,attemptCount,generationSucceeded,firstAttemptValidationPassed,failureCode,elapsedMs,models,generatedSql
"NL-001",EASY,SCALAR,CORRECT,true,1,true,true,,65355,"qwen3:4b-instruct","1:SELECT COUNT(order_id) AS total_orders FROM analytics.orders;"
"NL-002",EASY,SCALAR,RESULT_MISMATCH,false,1,true,true,"RESULT_MISMATCH",7583,"qwen3:4b-instruct","1:SELECT COUNT(*) AS completed_orders_count FROM analytics.orders WHERE status = 'completed';"
"NL-003",EASY,SCALAR,RESULT_MISMATCH,false,1,true,true,"RESULT_MISMATCH",7410,"qwen3:4b-instruct","1:SELECT COUNT(*) AS canceled_order_count FROM analytics.orders WHERE status = 'canceled';"
"NL-004",EASY,SCALAR,RESULT_MISMATCH,false,1,true,true,"RESULT_MISMATCH",8484,"qwen3:4b-instruct","1:SELECT COUNT(*) AS pending_order_count FROM analytics.orders WHERE status = 'pending';"
"NL-005",EASY,SCALAR,RESULT_MISMATCH,false,1,true,true,"RESULT_MISMATCH",6082,"qwen3:4b-instruct","1:SELECT COUNT(*) AS delivered_order_count FROM analytics.orders WHERE status = 'delivered';"
"NL-006",EASY,SCALAR,RESULT_MISMATCH,false,1,true,true,"RESULT_MISMATCH",13340,"qwen3:4b-instruct","1:SELECT COUNT(*) AS completed_payment_count FROM analytics.payments WHERE status = 'completed';"
"NL-007",EASY,SCALAR,RESULT_MISMATCH,false,1,true,true,"RESULT_MISMATCH",8196,"qwen3:4b-instruct","1:SELECT COUNT(*) AS incomplete_payment_count FROM analytics.payments WHERE status = 'failed' OR status = 'pending';"
"NL-008",EASY,SCALAR,CORRECT,true,1,true,true,,6464,"qwen3:4b-instruct","1:SELECT COUNT(*) AS active_product_count FROM analytics.products WHERE active = TRUE;"
"NL-009",EASY,ORDERED,RESULT_MISMATCH,false,1,true,true,"RESULT_MISMATCH",7517,"qwen3:4b-instruct","1:SELECT p.name FROM analytics.products p WHERE p.active = false ORDER BY p.product_id;"
"NL-010",EASY,SCALAR,RESULT_MISMATCH,false,1,true,true,"RESULT_MISMATCH",8322,"qwen3:4b-instruct","1:SELECT COUNT(*) AS customer_count FROM analytics.customers WHERE region = '서울';"
"NL-011",EASY,SCALAR,RESULT_MISMATCH,false,1,true,true,"RESULT_MISMATCH",6784,"qwen3:4b-instruct","1:SELECT COUNT(*) AS gold_customer_count FROM analytics.customers WHERE grade = 'gold';"
"NL-012",MEDIUM,SCALAR,RESULT_MISMATCH,false,1,true,true,"RESULT_MISMATCH",15292,"qwen3:4b-instruct","1:SELECT COUNT(*) AS order_count FROM analytics.orders WHERE ordered_at >= '2026-07-01 00:00:00'    AND ordered_at < '2026-08-01 00:00:00';"
"NL-013",MEDIUM,SCALAR,RESULT_MISMATCH,false,1,true,true,"RESULT_MISMATCH",11242,"qwen3:4b-instruct","1:SELECT COUNT(*) AS order_count FROM analytics.orders WHERE ordered_at > '2026-07-10 00:00:00';"
"NL-014",EASY,SCALAR,CORRECT,true,1,true,true,,6451,"qwen3:4b-instruct","1:SELECT SUM(o.total_amount) AS total_order_amount FROM analytics.orders o;"
"NL-015",EASY,SCALAR,CORRECT,true,1,true,true,,6077,"qwen3:4b-instruct","1:SELECT AVG(total_amount) AS average_order_amount FROM analytics.orders;"
"NL-016",EASY,SCALAR,CORRECT,true,1,true,true,,6984,"qwen3:4b-instruct","1:SELECT MAX(o.total_amount) AS largest_order_amount FROM analytics.orders o;"
"NL-017",EASY,SCALAR,CORRECT,true,1,true,true,,6889,"qwen3:4b-instruct","1:SELECT MIN(o.total_amount) AS smallest_order_amount FROM analytics.orders o;"
"NL-018",EASY,ORDERED,CORRECT,true,1,true,true,,7671,"qwen3:4b-instruct","1:SELECT order_id, total_amount FROM analytics.orders ORDER BY total_amount DESC LIMIT 5;"
"NL-019",EASY,ORDERED,CORRECT,true,1,true,true,,13603,"qwen3:4b-instruct","1:SELECT order_id, total_amount FROM analytics.orders ORDER BY total_amount ASC LIMIT 5;"
"NL-020",EASY,UNORDERED,CORRECT,true,1,true,true,,6483,"qwen3:4b-instruct","1:SELECT DISTINCT region AS region FROM analytics.customers;"
"NL-021",MEDIUM,UNORDERED,DB_TIMEOUT,false,1,true,true,"DB_TIMEOUT",0,"qwen3:4b-instruct","1:SELECT      o.status AS order_status,     COUNT(o.order_id) AS order_count FROM      analytics.orders o GROUP BY      o.status;"
"NL-022",MEDIUM,UNORDERED,CORRECT,true,1,true,true,,10281,"qwen3:4b-instruct","1:SELECT      c.region,     COUNT(c.customer_id) AS customer_count FROM      analytics.customers c GROUP BY      c.region;"
"NL-023",MEDIUM,UNORDERED,CORRECT,true,1,true,true,,7489,"qwen3:4b-instruct","1:SELECT      c.grade,     COUNT(*) AS customer_count FROM      analytics.customers c GROUP BY      c.grade;"
"NL-024",MEDIUM,SCALAR,RESULT_MISMATCH,false,1,true,true,"RESULT_MISMATCH",12880,"qwen3:4b-instruct","1:SELECT SUM(p.amount) AS total_payment_amount FROM analytics.payments p JOIN analytics.orders o ON p.order_id = o.order_id WHERE o.status = 'completed' AND p.status = 'completed';"
"NL-025",MEDIUM,SCALAR,RESULT_MISMATCH,false,1,true,true,"RESULT_MISMATCH",10732,"qwen3:4b-instruct","1:SELECT AVG(p.amount) AS average_payment_amount FROM analytics.payments p JOIN analytics.orders o ON p.order_id = o.order_id WHERE o.status = 'completed' AND p.status = 'completed';"
"NL-026",MEDIUM,UNORDERED,RESULT_MISMATCH,false,1,true,true,"RESULT_MISMATCH",21483,"qwen3:4b-instruct","1:SELECT      c.region,     COALESCE(SUM(o.total_amount), 0) AS total_order_amount FROM      analytics.orders o JOIN      analytics.customers c ON o.customer_id = c.customer_id JOIN      analytics.payments p ON o.order_id = p.order_id WHERE      p.status = 'completed' GROUP BY      c.region;"
"NL-027",MEDIUM,SCALAR,RESULT_MISMATCH,false,1,true,true,"RESULT_MISMATCH",12055,"qwen3:4b-instruct","1:SELECT COUNT(*) AS order_count FROM analytics.orders o JOIN analytics.payments p ON o.order_id = p.order_id WHERE o.status = 'completed'    AND p.status = 'completed';"
"NL-028",MEDIUM,UNORDERED,CORRECT,true,1,true,true,,16628,"qwen3:4b-instruct","1:SELECT      c.name AS category_name,     COUNT(p.product_id) AS product_count FROM      analytics.categories c LEFT JOIN      analytics.products p ON c.category_id = p.category_id GROUP BY      c.category_id, c.name ORDER BY      c.category_id;"
"NL-029",MEDIUM,UNORDERED,CORRECT,true,1,true,true,,14304,"qwen3:4b-instruct","1:SELECT      c.name AS category_name,     AVG(p.price) AS average_product_price FROM      analytics.categories c JOIN      analytics.products p ON c.category_id = p.category_id GROUP BY      c.category_id, c.name;"
"NL-030",MEDIUM,UNORDERED,RESULT_MISMATCH,false,1,true,true,"RESULT_MISMATCH",17554,"qwen3:4b-instruct","1:SELECT      p.product_id,     p.name AS product_name,     COALESCE(SUM(oi.quantity), 0) AS total_quantity_sold FROM      analytics.products p     LEFT JOIN analytics.order_items oi ON p.product_id = oi.product_id GROUP BY      p.product_id, p.name;"
"NL-031",HARD,ORDERED,CORRECT,true,1,true,true,,17404,"qwen3:4b-instruct","1:SELECT      p.product_id,     p.name AS product_name,     SUM(oi.quantity) AS total_quantity_sold FROM      analytics.products p JOIN      analytics.order_items oi ON p.product_id = oi.product_id GROUP BY      p.product_id, p.name ORDER BY      total_quantity_sold DESC, p.product_id LIMIT 5;"
"NL-032",HARD,ORDERED,RESULT_MISMATCH,false,1,true,true,"RESULT_MISMATCH",21973,"qwen3:4b-instruct","1:SELECT      c.name AS category_name,     SUM(oi.quantity) AS total_quantity_sold FROM      analytics.categories c JOIN      analytics.products p ON c.category_id = p.category_id JOIN      analytics.order_items oi ON p.product_id = oi.product_id GROUP BY      c.category_id, c.name ORDER BY      total_quantity_sold DESC;"
"NL-033",MEDIUM,ORDERED,RESULT_MISMATCH,false,1,true,true,"RESULT_MISMATCH",12320,"qwen3:4b-instruct","1:SELECT o.order_id FROM analytics.orders o JOIN analytics.customers c ON o.customer_id = c.customer_id WHERE c.region = '서울'   AND o.status = 'completed' ORDER BY o.ordered_at;"
"NL-034",MEDIUM,SCALAR,RESULT_MISMATCH,false,1,true,true,"RESULT_MISMATCH",21354,"qwen3:4b-instruct","1:SELECT COUNT(*) AS completed_payments_count FROM analytics.payments p JOIN analytics.orders o ON p.order_id = o.order_id WHERE p.status = 'completed'   AND o.ordered_at >= '2026-07-05 00:00:00'   AND o.ordered_at < '2026-07-08 00:00:00';"
"NL-035",MEDIUM,ORDERED,CORRECT,true,1,true,true,,24978,"qwen3:4b-instruct","1:SELECT      DATE_TRUNC('day', o.ordered_at) AS ordered_day,     COUNT(o.order_id) AS order_count FROM      analytics.orders o WHERE      EXTRACT(YEAR FROM o.ordered_at) = 2026      AND EXTRACT(MONTH FROM o.ordered_at) = 7 GROUP BY      DATE_TRUNC('day', o.ordered_at) ORDER BY      ordered_day;"
"NL-036",MEDIUM,UNORDERED,RESULT_MISMATCH,false,1,true,true,"RESULT_MISMATCH",15162,"qwen3:4b-instruct","1:SELECT      DATE_TRUNC('hour', o.ordered_at) AS ordered_hour,     COUNT(o.order_id) AS order_count FROM      analytics.orders o GROUP BY      DATE_TRUNC('hour', o.ordered_at) ORDER BY      ordered_hour;"
"NL-037",EASY,ORDERED,RESULT_MISMATCH,false,1,true,true,"RESULT_MISMATCH",10529,"qwen3:4b-instruct","1:SELECT      p.product_id,     p.price FROM      analytics.products p WHERE      p.price > 5000 ORDER BY      p.price DESC;"
"NL-038",EASY,SCALAR,CORRECT,true,1,true,true,,6184,"qwen3:4b-instruct","1:SELECT AVG(p.price) AS average_price FROM analytics.products p WHERE p.active = TRUE;"
"NL-039",MEDIUM,SCALAR,CORRECT,true,1,true,true,,8231,"qwen3:4b-instruct","1:SELECT COUNT(*) AS customer_count FROM analytics.customers WHERE created_at < '2025-01-11';"
"NL-040",EASY,UNORDERED,CORRECT,true,1,true,true,,6992,"qwen3:4b-instruct","1:SELECT order_id FROM analytics.orders WHERE total_amount > 1000000;"
"NL-041",EASY,SCALAR,RESULT_MISMATCH,false,1,true,true,"RESULT_MISMATCH",10358,"qwen3:4b-instruct","1:SELECT COUNT(*) AS payment_count FROM analytics.payments WHERE status = 'completed'    AND paid_at IS NULL;"
"NL-042",EASY,SCALAR,RESULT_MISMATCH,false,1,true,true,"RESULT_MISMATCH",7757,"qwen3:4b-instruct","1:SELECT COUNT(*) AS payment_count FROM analytics.payments WHERE status = 'completed'    AND paid_at IS NOT NULL;"
"NL-043",HARD,SCALAR,RESULT_MISMATCH,false,1,true,true,"RESULT_MISMATCH",11436,"qwen3:4b-instruct","1:SELECT      COUNT(*) AS order_count,     AVG(total_amount) AS avg_order_amount FROM analytics.orders WHERE total_amount > (     SELECT AVG(total_amount)      FROM analytics.orders );"
"NL-044",HARD,UNORDERED,RESULT_MISMATCH,false,1,true,true,"RESULT_MISMATCH",7148,"qwen3:4b-instruct","1:SELECT DISTINCT o.customer_id FROM analytics.orders o WHERE o.status = 'cancelled';"
"NL-045",HARD,SCALAR,CORRECT,true,2,true,false,,22498,"qwen3:4b-instruct","1:SELECT COUNT(*) AS unordered_product_count FROM analytics.products WHERE product_id NOT IN (     SELECT DISTINCT order_item.product_id     FROM analytics.order_items     JOIN analytics.orders ON analytics.order_items.order_id = analytics.orders.order_id ); || 2:SELECT COUNT(*) AS unordered_product_count FROM analytics.products WHERE category_id NOT IN (     SELECT DISTINCT product_id     FROM analytics.order_items );"
"NL-046",HARD,UNORDERED,RESULT_MISMATCH,false,1,true,true,"RESULT_MISMATCH",15929,"qwen3:4b-instruct","1:SELECT      c.region,     SUM(p.amount) AS total_paid_amount FROM analytics.orders o JOIN analytics.payments p ON o.order_id = p.order_id JOIN analytics.customers c ON o.customer_id = c.customer_id WHERE p.status = 'completed' GROUP BY c.region;"
"NL-047",MEDIUM,SCALAR,CORRECT,true,1,true,true,,10233,"qwen3:4b-instruct","1:SELECT      COUNT(*) AS order_count FROM      analytics.orders o JOIN      analytics.payments p ON o.order_id = p.order_id WHERE      o.total_amount != p.amount;"
"NL-048",MEDIUM,SCALAR,CORRECT,true,1,true,true,,9492,"qwen3:4b-instruct","1:SELECT SUM(oi.quantity * oi.unit_price) AS total_value FROM analytics.order_items oi;"
"NL-049",HARD,UNORDERED,CORRECT,true,1,true,true,,14637,"qwen3:4b-instruct","1:SELECT c.name FROM analytics.categories c JOIN analytics.products p ON c.category_id = p.category_id GROUP BY c.category_id, c.name HAVING AVG(p.price) > 4000;"
"NL-050",HARD,ORDERED,CORRECT,true,1,true,true,,16501,"qwen3:4b-instruct","1:SELECT      c.customer_id,     COUNT(o.order_id) AS order_count FROM      analytics.customers c JOIN      analytics.orders o ON c.customer_id = o.customer_id GROUP BY      c.customer_id ORDER BY      order_count DESC,      c.customer_id LIMIT 10;"
